FirstName,LastName,Username,Domain,DisplayName,InitialPassword
Alif,Mardiono,alif.mardiono,M365x57702712.onmicrosoft.com,Alif M. Mardiono,PassAlif2024!
Elang,Bachtiar,elang.bachtiar,M365x57702712.onmicrosoft.com,Elang B. Bachtiar,PassElang2025!
Iwan,Wiratama,iwan.wiratama,M365x57702712.onmicrosoft.com,Iwan W. Wiratama,PassIwan2024!
Lisa,Lazuardi,lisa.lazuardi,M365x57702712.onmicrosoft.com,Lisa L. Lazuardi,PassLisa2025!
Lili,Cipto,lili.cipto,M365x57702712.onmicrosoft.com,Lili C. Cipto,PassLili2024!
Fauzi,Nasution,fauzi.nasution,M365x57702712.onmicrosoft.com,Fauzi N. Nasution,PassFauzi2025!
Dani,Umara,dani.umara,M365x57702712.onmicrosoft.com,Dani U. Umara,PassDani2025!
Vera,Basuki,vera.basuki,M365x57702712.onmicrosoft.com,Vera B. Basuki,PassVera2024!
Gilang,Effendi,gilang.effendi,M365x57702712.onmicrosoft.com,Gilang E. Effendi,PassGilang2025!
Nisa,Dharma,nisa.dharma,M365x57702712.onmicrosoft.com,Nisa D. Dharma,PassNisa2024!
Bagas,Wibisono,bagas.wibisono,M365x57702712.onmicrosoft.com,Bagas W. Wibisono,PassBagas2024!
Fikri,Ramdhan,fikri.ramdhan,M365x57702712.onmicrosoft.com,Fikri R. Ramdhan,PassFikri2025!
Salsa,Salim,salsa.salim,M365x57702712.onmicrosoft.com,Salsa S. Salim,PassSalsa2024!
Maman,Fahrul,maman.fahrul,M365x57702712.onmicrosoft.com,Maman F. Fahrul,PassMaman2025!
Nisa,Nugraha,nisa.nugraha,M365x57702712.onmicrosoft.com,Nisa N. Nugraha,PassNisa2025!
Johan,Dharma,johan.dharma,M365x57702712.onmicrosoft.com,Johan D. Dharma,PassJohan2024!
Bulan,Bahari,bulan.bahari,M365x57702712.onmicrosoft.com,Bulan B. Bahari,PassBulan2025!
Hana,Kautsar,hana.kautsar,M365x57702712.onmicrosoft.com,Hana K. Kautsar,PassHana2024!
Jihan,Ismail,jihan.ismail,M365x57702712.onmicrosoft.com,Jihan I. Ismail,PassJihan2025!
Jihan,Valianto,jihan.valianto,M365x57702712.onmicrosoft.com,Jihan V. Valianto,PassJihan2025!
Ilham,Widianto,ilham.widianto,M365x57702712.onmicrosoft.com,Ilham W. Widianto,PassIlham2025!
Bima,Iskandar,bima.iskandar,M365x57702712.onmicrosoft.com,Bima I. Iskandar,PassBima2025!
Lili,Jauhari,lili.jauhari,M365x57702712.onmicrosoft.com,Lili J. Jauhari,PassLili2024!
Bima,Jamaludin,bima.jamaludin,M365x57702712.onmicrosoft.com,Bima J. Jamaludin,PassBima2025!
Raffi,Yahya,raffi.yahya,M365x57702712.onmicrosoft.com,Raffi Y. Yahya,PassRaffi2025!
Gery,Kautsar,gery.kautsar,M365x57702712.onmicrosoft.com,Gery K. Kautsar,PassGery2024!
Alif,Ramlan,alif.ramlan,M365x57702712.onmicrosoft.com,Alif R. Ramlan,PassAlif2025!
Vera,Nurhadi,vera.nurhadi,M365x57702712.onmicrosoft.com,Vera N. Nurhadi,PassVera2024!
Sari,Wibisono,sari.wibisono,M365x57702712.onmicrosoft.com,Sari W. Wibisono,PassSari2024!
Radit,Jauhari,radit.jauhari,M365x57702712.onmicrosoft.com,Radit J. Jauhari,PassRadit2025!
Linda,Saputro,linda.saputro,M365x57702712.onmicrosoft.com,Linda S. Saputro,PassLinda2025!
Wati,Valianto,wati.valianto,M365x57702712.onmicrosoft.com,Wati V. Valianto,PassWati2024!
Siska,Utami,siska.utami,M365x57702712.onmicrosoft.com,Siska U. Utami,PassSiska2025!
Andi,Valentino,andi.valentino,M365x57702712.onmicrosoft.com,Andi V. Valentino,PassAndi2025!
Zahra,Zulfikar,zahra.zulfikar,M365x57702712.onmicrosoft.com,Zahra Z. Zulfikar,PassZahra2025!
Irwan,Oktavianus,irwan.oktavianus,M365x57702712.onmicrosoft.com,Irwan O. Oktavianus,PassIrwan2024!
Kevin,Harahap,kevin.harahap,M365x57702712.onmicrosoft.com,Kevin H. Harahap,PassKevin2024!
Dodi,Alamsyah,dodi.alamsyah,M365x57702712.onmicrosoft.com,Dodi A. Alamsyah,PassDodi2024!
Asep,Juanda,asep.juanda,M365x57702712.onmicrosoft.com,Asep J. Juanda,PassAsep2025!
Lana,Akbar,lana.akbar,M365x57702712.onmicrosoft.com,Lana A. Akbar,PassLana2025!
Koko,Djatmiko,koko.djatmiko,M365x57702712.onmicrosoft.com,Koko D. Djatmiko,PassKoko2024!
Nina,Chandrasari,nina.chandrasari,M365x57702712.onmicrosoft.com,Nina C. Chandrasari,PassNina2024!
Tiara,Effendi,tiara.effendi,M365x57702712.onmicrosoft.com,Tiara E. Effendi,PassTiara2025!
Joni,Yusanto,joni.yusanto,M365x57702712.onmicrosoft.com,Joni Y. Yusanto,PassJoni2024!
Bima,Chaidir,bima.chaidir,M365x57702712.onmicrosoft.com,Bima C. Chaidir,PassBima2025!
Faisal,Darmadi,faisal.darmadi,M365x57702712.onmicrosoft.com,Faisal D. Darmadi,PassFaisal2024!
Fikri,Julianto,fikri.julianto,M365x57702712.onmicrosoft.com,Fikri J. Julianto,PassFikri2024!
Andi,Zulfikar,andi.zulfikar,M365x57702712.onmicrosoft.com,Andi Z. Zulfikar,PassAndi2024!
Dani,Fahrul,dani.fahrul,M365x57702712.onmicrosoft.com,Dani F. Fahrul,PassDani2024!
Qomar,Gumilar,qomar.gumilar,M365x57702712.onmicrosoft.com,Qomar G. Gumilar,PassQomar2025!
Jaya,Kusumanto,jaya.kusumanto,M365x57702712.onmicrosoft.com,Jaya K. Kusumanto,PassJaya2024!
Niko,Oktavian,niko.oktavian,M365x57702712.onmicrosoft.com,Niko O. Oktavian,PassNiko2025!
Yogi,Tanjung,yogi.tanjung,M365x57702712.onmicrosoft.com,Yogi T. Tanjung,PassYogi2024!
Yanto,Zulkarnaen,yanto.zulkarnaen,M365x57702712.onmicrosoft.com,Yanto Z. Zulkarnaen,PassYanto2024!
Putu,Erwanto,putu.erwanto,M365x57702712.onmicrosoft.com,Putu E. Erwanto,PassPutu2024!
Kamal,Falah,kamal.falah,M365x57702712.onmicrosoft.com,Kamal F. Falah,PassKamal2025!
Linda,Ghozali,linda.ghozali,M365x57702712.onmicrosoft.com,Linda G. Ghozali,PassLinda2024!
Gani,Gozali,gani.gozali,M365x57702712.onmicrosoft.com,Gani G. Gozali,PassGani2025!
Rara,Basri,rara.basri,M365x57702712.onmicrosoft.com,Rara B. Basri,PassRara2025!
Made,Valentino,made.valentino,M365x57702712.onmicrosoft.com,Made V. Valentino,PassMade2025!
Udin,Gumilar,udin.gumilar,M365x57702712.onmicrosoft.com,Udin G. Gumilar,PassUdin2024!
Salsa,Chandra,salsa.chandra,M365x57702712.onmicrosoft.com,Salsa C. Chandra,PassSalsa2024!
Tiara,Erlangga,tiara.erlangga,M365x57702712.onmicrosoft.com,Tiara E. Erlangga,PassTiara2025!
Vita,Saputro,vita.saputro,M365x57702712.onmicrosoft.com,Vita S. Saputro,PassVita2024!
Eko,Yudhistira,eko.yudhistira,M365x57702712.onmicrosoft.com,Eko Y. Yudhistira,PassEko2025!
Ilham,Julianto,ilham.julianto,M365x57702712.onmicrosoft.com,Ilham J. Julianto,PassIlham2024!
Nadia,Oktaviano,nadia.oktaviano,M365x57702712.onmicrosoft.com,Nadia O. Oktaviano,PassNadia2025!
Jihan,Chaidir,jihan.chaidir,M365x57702712.onmicrosoft.com,Jihan C. Chaidir,PassJihan2025!
Jihan,Mustafa,jihan.mustafa,M365x57702712.onmicrosoft.com,Jihan M. Mustafa,PassJihan2024!
Salsa,Bachri,salsa.bachri,M365x57702712.onmicrosoft.com,Salsa B. Bachri,PassSalsa2025!
Linda,Widianto,linda.widianto,M365x57702712.onmicrosoft.com,Linda W. Widianto,PassLinda2024!
Widi,Qosim,widi.qosim,M365x57702712.onmicrosoft.com,Widi Q. Qosim,PassWidi2024!
Eva,Varela,eva.varela,M365x57702712.onmicrosoft.com,Eva V. Varela,PassEva2024!
Joko,Gautama,joko.gautama,M365x57702712.onmicrosoft.com,Joko G. Gautama,PassJoko2024!
Cika,Junaedi,cika.junaedi,M365x57702712.onmicrosoft.com,Cika J. Junaedi,PassCika2025!
Vina,Kuncoro,vina.kuncoro,M365x57702712.onmicrosoft.com,Vina K. Kuncoro,PassVina2024!
Lili,Varela,lili.varela,M365x57702712.onmicrosoft.com,Lili V. Varela,PassLili2024!
Andi,Yusanto,andi.yusanto,M365x57702712.onmicrosoft.com,Andi Y. Yusanto,PassAndi2025!
Asep,Bagaskara,asep.bagaskara,M365x57702712.onmicrosoft.com,Asep B. Bagaskara,PassAsep2025!
Ucup,Julianto,ucup.julianto,M365x57702712.onmicrosoft.com,Ucup J. Julianto,PassUcup2024!
Tina,Yahya,tina.yahya,M365x57702712.onmicrosoft.com,Tina Y. Yahya,PassTina2024!
Soni,Djatmiko,soni.djatmiko,M365x57702712.onmicrosoft.com,Soni D. Djatmiko,PassSoni2025!
Vivi,Prabowo,vivi.prabowo,M365x57702712.onmicrosoft.com,Vivi P. Prabowo,PassVivi2024!
Erna,Cipto,erna.cipto,M365x57702712.onmicrosoft.com,Erna C. Cipto,PassErna2024!
Rara,Priambodo,rara.priambodo,M365x57702712.onmicrosoft.com,Rara P. Priambodo,PassRara2025!
Erick,Pratomo,erick.pratomo,M365x57702712.onmicrosoft.com,Erick P. Pratomo,PassErick2025!
Ima,Falah,ima.falah,M365x57702712.onmicrosoft.com,Ima F. Falah,PassIma2024!
Alam,Hamdani,alam.hamdani,M365x57702712.onmicrosoft.com,Alam H. Hamdani,PassAlam2024!
Zainal,Pribadi,zainal.pribadi,M365x57702712.onmicrosoft.com,Zainal P. Pribadi,PassZainal2024!
Hadi,Harahap,hadi.harahap,M365x57702712.onmicrosoft.com,Hadi H. Harahap,PassHadi2024!
Jeni,Zulfikar,jeni.zulfikar,M365x57702712.onmicrosoft.com,Jeni Z. Zulfikar,PassJeni2024!
Raka,Firdausi,raka.firdausi,M365x57702712.onmicrosoft.com,Raka F. Firdausi,PassRaka2024!
Koko,Saputro,koko.saputro,M365x57702712.onmicrosoft.com,Koko S. Saputro,PassKoko2024!
Heru,Julianto,heru.julianto,M365x57702712.onmicrosoft.com,Heru J. Julianto,PassHeru2025!
Asep,Chandra,asep.chandra,M365x57702712.onmicrosoft.com,Asep C. Chandra,PassAsep2024!
Manda,Usman,manda.usman,M365x57702712.onmicrosoft.com,Manda U. Usman,PassManda2025!
Candra,Utomo,candra.utomo,M365x57702712.onmicrosoft.com,Candra U. Utomo,PassCandra2024!
Zainal,Ramdhan,zainal.ramdhan,M365x57702712.onmicrosoft.com,Zainal R. Ramdhan,PassZainal2024!
Citra,Bahari,citra.bahari,M365x57702712.onmicrosoft.com,Citra B. Bahari,PassCitra2025!
Wahyu,Ansari,wahyu.ansari,M365x57702712.onmicrosoft.com,Wahyu A. Ansari,PassWahyu2024!
Rini,Rachmat,rini.rachmat,M365x57702712.onmicrosoft.com,Rini R. Rachmat,PassRini2025!
Ucok,Gozali,ucok.gozali,M365x57702712.onmicrosoft.com,Ucok G. Gozali,PassUcok2025!
Dani,Winarno,dani.winarno,M365x57702712.onmicrosoft.com,Dani W. Winarno,PassDani2024!
Sigit,Cipto,sigit.cipto,M365x57702712.onmicrosoft.com,Sigit C. Cipto,PassSigit2025!
Zain,Usman,zain.usman,M365x57702712.onmicrosoft.com,Zain U. Usman,PassZain2024!
Nani,Octavian,nani.octavian,M365x57702712.onmicrosoft.com,Nani O. Octavian,PassNani2025!
Gita,Winarto,gita.winarto,M365x57702712.onmicrosoft.com,Gita W. Winarto,PassGita2025!
Ucup,Ibrahim,ucup.ibrahim,M365x57702712.onmicrosoft.com,Ucup I. Ibrahim,PassUcup2025!
Budi,Ramlan,budi.ramlan,M365x57702712.onmicrosoft.com,Budi R. Ramlan,PassBudi2024!
Hadi,Ekawati,hadi.ekawati,M365x57702712.onmicrosoft.com,Hadi E. Ekawati,PassHadi2025!
Kevin,Jamaludin,kevin.jamaludin,M365x57702712.onmicrosoft.com,Kevin J. Jamaludin,PassKevin2024!
Eko,Erlangga,eko.erlangga,M365x57702712.onmicrosoft.com,Eko E. Erlangga,PassEko2024!
Nurul,Trisnanto,nurul.trisnanto,M365x57702712.onmicrosoft.com,Nurul T. Trisnanto,PassNurul2025!
Cinta,Mahfud,cinta.mahfud,M365x57702712.onmicrosoft.com,Cinta M. Mahfud,PassCinta2024!
Firda,Fajri,firda.fajri,M365x57702712.onmicrosoft.com,Firda F. Fajri,PassFirda2024!
Erna,Ansari,erna.ansari,M365x57702712.onmicrosoft.com,Erna A. Ansari,PassErna2025!
Sinta,Kartono,sinta.kartono,M365x57702712.onmicrosoft.com,Sinta K. Kartono,PassSinta2024!
Rini,Oktavian,rini.oktavian,M365x57702712.onmicrosoft.com,Rini O. Oktavian,PassRini2025!
Gery,Effendi,gery.effendi,M365x57702712.onmicrosoft.com,Gery E. Effendi,PassGery2025!
Cinta,Bahari,cinta.bahari,M365x57702712.onmicrosoft.com,Cinta B. Bahari,PassCinta2024!
Manda,Lutfi,manda.lutfi,M365x57702712.onmicrosoft.com,Manda L. Lutfi,PassManda2025!
Zain,Kurniadi,zain.kurniadi,M365x57702712.onmicrosoft.com,Zain K. Kurniadi,PassZain2024!
Manda,Zulkarnain,manda.zulkarnain,M365x57702712.onmicrosoft.com,Manda Z. Zulkarnain,PassManda2025!
Rini,Gumilar,rini.gumilar,M365x57702712.onmicrosoft.com,Rini G. Gumilar,PassRini2024!
Maman,Basri,maman.basri,M365x57702712.onmicrosoft.com,Maman B. Basri,PassMaman2024!
Oki,Kurniadi,oki.kurniadi,M365x57702712.onmicrosoft.com,Oki K. Kurniadi,PassOki2025!
Wati,Hamzah,wati.hamzah,M365x57702712.onmicrosoft.com,Wati H. Hamzah,PassWati2025!
Nurul,Prabowo,nurul.prabowo,M365x57702712.onmicrosoft.com,Nurul P. Prabowo,PassNurul2025!
Agung,Chairul,agung.chairul,M365x57702712.onmicrosoft.com,Agung C. Chairul,PassAgung2025!
Fani,Tampubolon,fani.tampubolon,M365x57702712.onmicrosoft.com,Fani T. Tampubolon,PassFani2025!
Zainal,Effendi,zainal.effendi,M365x57702712.onmicrosoft.com,Zainal E. Effendi,PassZainal2024!
Tia,Santoso,tia.santoso,M365x57702712.onmicrosoft.com,Tia S. Santoso,PassTia2024!
Gery,Prasetya,gery.prasetya,M365x57702712.onmicrosoft.com,Gery P. Prasetya,PassGery2025!
Made,Yulianto,made.yulianto,M365x57702712.onmicrosoft.com,Made Y. Yulianto,PassMade2025!
Cika,Iskandar,cika.iskandar,M365x57702712.onmicrosoft.com,Cika I. Iskandar,PassCika2024!
Heru,Chandra,heru.chandra,M365x57702712.onmicrosoft.com,Heru C. Chandra,PassHeru2025!
Sigit,Effendy,sigit.effendy,M365x57702712.onmicrosoft.com,Sigit E. Effendy,PassSigit2024!
Salsa,Basri,salsa.basri,M365x57702712.onmicrosoft.com,Salsa B. Basri,PassSalsa2024!
Kiki,Chairul,kiki.chairul,M365x57702712.onmicrosoft.com,Kiki C. Chairul,PassKiki2025!
Joni,Wibisono,joni.wibisono,M365x57702712.onmicrosoft.com,Joni W. Wibisono,PassJoni2025!
Vina,Junaedi,vina.junaedi,M365x57702712.onmicrosoft.com,Vina J. Junaedi,PassVina2025!
Yogi,Prabowo,yogi.prabowo,M365x57702712.onmicrosoft.com,Yogi P. Prabowo,PassYogi2024!
Icha,Gozali,icha.gozali,M365x57702712.onmicrosoft.com,Icha G. Gozali,PassIcha2025!
Bagas,Ekawati,bagas.ekawati,M365x57702712.onmicrosoft.com,Bagas E. Ekawati,PassBagas2024!
Nurul,Darmawan,nurul.darmawan,M365x57702712.onmicrosoft.com,Nurul D. Darmawan,PassNurul2025!
Wahid,Valentinus,wahid.valentinus,M365x57702712.onmicrosoft.com,Wahid V. Valentinus,PassWahid2025!
Zaki,Erwanto,zaki.erwanto,M365x57702712.onmicrosoft.com,Zaki E. Erwanto,PassZaki2025!
Jihan,Zulfikar,jihan.zulfikar,M365x57702712.onmicrosoft.com,Jihan Z. Zulfikar,PassJihan2024!
Erick,Mustafa,erick.mustafa,M365x57702712.onmicrosoft.com,Erick M. Mustafa,PassErick2024!
Joko,Tanjung,joko.tanjung,M365x57702712.onmicrosoft.com,Joko T. Tanjung,PassJoko2024!
Eko,Gunawan,eko.gunawan,M365x57702712.onmicrosoft.com,Eko G. Gunawan,PassEko2025!
Nadia,Ramdani,nadia.ramdani,M365x57702712.onmicrosoft.com,Nadia R. Ramdani,PassNadia2024!
Heru,Nurdiana,heru.nurdiana,M365x57702712.onmicrosoft.com,Heru N. Nurdiana,PassHeru2024!
Yuni,Basuki,yuni.basuki,M365x57702712.onmicrosoft.com,Yuni B. Basuki,PassYuni2024!
Yuni,Varela,yuni.varela,M365x57702712.onmicrosoft.com,Yuni V. Varela,PassYuni2024!
Soni,Yahya,soni.yahya,M365x57702712.onmicrosoft.com,Soni Y. Yahya,PassSoni2024!
Wati,Yudhoyono,wati.yudhoyono,M365x57702712.onmicrosoft.com,Wati Y. Yudhoyono,PassWati2024!
Nadia,Chandra,nadia.chandra,M365x57702712.onmicrosoft.com,Nadia C. Chandra,PassNadia2025!
Hilda,Bahtiar,hilda.bahtiar,M365x57702712.onmicrosoft.com,Hilda B. Bahtiar,PassHilda2024!
Hani,Utami,hani.utami,M365x57702712.onmicrosoft.com,Hani U. Utami,PassHani2024!
Yasmin,Harahap,yasmin.harahap,M365x57702712.onmicrosoft.com,Yasmin H. Harahap,PassYasmin2025!
Hana,Kartono,hana.kartono,M365x57702712.onmicrosoft.com,Hana K. Kartono,PassHana2024!
Tono,Firdausi,tono.firdausi,M365x57702712.onmicrosoft.com,Tono F. Firdausi,PassTono2024!
Candra,Umbara,candra.umbara,M365x57702712.onmicrosoft.com,Candra U. Umbara,PassCandra2024!
Manda,Djamaluddin,manda.djamaluddin,M365x57702712.onmicrosoft.com,Manda D. Djamaluddin,PassManda2025!
Bagas,Fajri,bagas.fajri,M365x57702712.onmicrosoft.com,Bagas F. Fajri,PassBagas2025!
Bulan,Jalaludin,bulan.jalaludin,M365x57702712.onmicrosoft.com,Bulan J. Jalaludin,PassBulan2024!
Sinta,Hamzah,sinta.hamzah,M365x57702712.onmicrosoft.com,Sinta H. Hamzah,PassSinta2025!
Vita,Zulkarnain,vita.zulkarnain,M365x57702712.onmicrosoft.com,Vita Z. Zulkarnain,PassVita2024!
Feri,Priambodo,feri.priambodo,M365x57702712.onmicrosoft.com,Feri P. Priambodo,PassFeri2024!
Lily,Gumilar,lily.gumilar,M365x57702712.onmicrosoft.com,Lily G. Gumilar,PassLily2024!
Raffi,Darmanto,raffi.darmanto,M365x57702712.onmicrosoft.com,Raffi D. Darmanto,PassRaffi2024!
Heru,Abdillah,heru.abdillah,M365x57702712.onmicrosoft.com,Heru A. Abdillah,PassHeru2025!
Miko,Maulida,miko.maulida,M365x57702712.onmicrosoft.com,Miko M. Maulida,PassMiko2024!
Cici,Akbar,cici.akbar,M365x57702712.onmicrosoft.com,Cici A. Akbar,PassCici2024!
Galih,Bahari,galih.bahari,M365x57702712.onmicrosoft.com,Galih B. Bahari,PassGalih2024!
Tia,Natsir,tia.natsir,M365x57702712.onmicrosoft.com,Tia N. Natsir,PassTia2024!
Oka,Basri,oka.basri,M365x57702712.onmicrosoft.com,Oka B. Basri,PassOka2025!
Joni,Iskandar,joni.iskandar,M365x57702712.onmicrosoft.com,Joni I. Iskandar,PassJoni2025!
Alif,Falah,alif.falah,M365x57702712.onmicrosoft.com,Alif F. Falah,PassAlif2025!
Citra,Juanda,citra.juanda,M365x57702712.onmicrosoft.com,Citra J. Juanda,PassCitra2024!
Vega,Ekawati,vega.ekawati,M365x57702712.onmicrosoft.com,Vega E. Ekawati,PassVega2025!
Tika,Utami,tika.utami,M365x57702712.onmicrosoft.com,Tika U. Utami,PassTika2025!
Miko,Zulfikar,miko.zulfikar,M365x57702712.onmicrosoft.com,Miko Z. Zulfikar,PassMiko2024!
Fauzi,Darmadi,fauzi.darmadi,M365x57702712.onmicrosoft.com,Fauzi D. Darmadi,PassFauzi2025!
Putri,Tirtayasa,putri.tirtayasa,M365x57702712.onmicrosoft.com,Putri T. Tirtayasa,PassPutri2024!
Jeni,Oktavian,jeni.oktavian,M365x57702712.onmicrosoft.com,Jeni O. Oktavian,PassJeni2024!
Zahra,Hamdani,zahra.hamdani,M365x57702712.onmicrosoft.com,Zahra H. Hamdani,PassZahra2024!
Heru,Oktavian,heru.oktavian,M365x57702712.onmicrosoft.com,Heru O. Oktavian,PassHeru2024!
Zahra,Effendy,zahra.effendy,M365x57702712.onmicrosoft.com,Zahra E. Effendy,PassZahra2025!
Gery,Bahari,gery.bahari,M365x57702712.onmicrosoft.com,Gery B. Bahari,PassGery2024!
Wahyu,Chairul,wahyu.chairul,M365x57702712.onmicrosoft.com,Wahyu C. Chairul,PassWahyu2024!
Yuda,Wibisono,yuda.wibisono,M365x57702712.onmicrosoft.com,Yuda W. Wibisono,PassYuda2024!
Kevin,Nasution,kevin.nasution,M365x57702712.onmicrosoft.com,Kevin N. Nasution,PassKevin2025!
Usman,Valentinus,usman.valentinus,M365x57702712.onmicrosoft.com,Usman V. Valentinus,PassUsman2024!
Oka,Haryadi,oka.haryadi,M365x57702712.onmicrosoft.com,Oka H. Haryadi,PassOka2025!
Johan,Herlambang,johan.herlambang,M365x57702712.onmicrosoft.com,Johan H. Herlambang,PassJohan2024!
Vino,Zulkarnaen,vino.zulkarnaen,M365x57702712.onmicrosoft.com,Vino Z. Zulkarnaen,PassVino2024!
Vita,Haryadi,vita.haryadi,M365x57702712.onmicrosoft.com,Vita H. Haryadi,PassVita2025!
Cici,Tanjung,cici.tanjung,M365x57702712.onmicrosoft.com,Cici T. Tanjung,PassCici2024!
Pandu,Zulkarnain,pandu.zulkarnain,M365x57702712.onmicrosoft.com,Pandu Z. Zulkarnain,PassPandu2025!
Dani,Utama,dani.utama,M365x57702712.onmicrosoft.com,Dani U. Utama,PassDani2025!
Kamal,Chaidir,kamal.chaidir,M365x57702712.onmicrosoft.com,Kamal C. Chaidir,PassKamal2025!
Cinta,Akbar,cinta.akbar,M365x57702712.onmicrosoft.com,Cinta A. Akbar,PassCinta2024!
Dani,Laksono,dani.laksono,M365x57702712.onmicrosoft.com,Dani L. Laksono,PassDani2024!
Ilham,Estianto,ilham.estianto,M365x57702712.onmicrosoft.com,Ilham E. Estianto,PassIlham2024!
Johan,Latief,johan.latief,M365x57702712.onmicrosoft.com,Johan L. Latief,PassJohan2025!
Raka,Yusanto,raka.yusanto,M365x57702712.onmicrosoft.com,Raka Y. Yusanto,PassRaka2025!
Laras,Oktavianus,laras.oktavianus,M365x57702712.onmicrosoft.com,Laras O. Oktavianus,PassLaras2025!
Feri,Chaidir,feri.chaidir,M365x57702712.onmicrosoft.com,Feri C. Chaidir,PassFeri2025!
Joko,Oktavianus,joko.oktavianus,M365x57702712.onmicrosoft.com,Joko O. Oktavianus,PassJoko2024!
Zaki,Oktavianus,zaki.oktavianus,M365x57702712.onmicrosoft.com,Zaki O. Oktavianus,PassZaki2024!
Faisal,Chaidir,faisal.chaidir,M365x57702712.onmicrosoft.com,Faisal C. Chaidir,PassFaisal2025!
Ilham,Hamzah,ilham.hamzah,M365x57702712.onmicrosoft.com,Ilham H. Hamzah,PassIlham2025!
Alam,Prabowo,alam.prabowo,M365x57702712.onmicrosoft.com,Alam P. Prabowo,PassAlam2025!
Arya,Utama,arya.utama,M365x57702712.onmicrosoft.com,Arya U. Utama,PassArya2024!
Tia,Cipto,tia.cipto,M365x57702712.onmicrosoft.com,Tia C. Cipto,PassTia2024!
Vivi,Latief,vivi.latief,M365x57702712.onmicrosoft.com,Vivi L. Latief,PassVivi2025!
Salsa,Safitri,salsa.safitri,M365x57702712.onmicrosoft.com,Salsa S. Safitri,PassSalsa2025!
Johan,Bagaskara,johan.bagaskara,M365x57702712.onmicrosoft.com,Johan B. Bagaskara,PassJohan2024!
Gilang,Affandi,gilang.affandi,M365x57702712.onmicrosoft.com,Gilang A. Affandi,PassGilang2024!
Bima,Rachmat,bima.rachmat,M365x57702712.onmicrosoft.com,Bima R. Rachmat,PassBima2025!
Lily,Jauhari,lily.jauhari,M365x57702712.onmicrosoft.com,Lily J. Jauhari,PassLily2024!
Firda,Rachmat,firda.rachmat,M365x57702712.onmicrosoft.com,Firda R. Rachmat,PassFirda2025!
Ratna,Nugraha,ratna.nugraha,M365x57702712.onmicrosoft.com,Ratna N. Nugraha,PassRatna2024!
Gani,Ridho,gani.ridho,M365x57702712.onmicrosoft.com,Gani R. Ridho,PassGani2024!
Firda,Kurniadi,firda.kurniadi,M365x57702712.onmicrosoft.com,Firda K. Kurniadi,PassFirda2024!
Vita,Gumilar,vita.gumilar,M365x57702712.onmicrosoft.com,Vita G. Gumilar,PassVita2025!
Firda,Lukito,firda.lukito,M365x57702712.onmicrosoft.com,Firda L. Lukito,PassFirda2025!
Yanto,Gozali,yanto.gozali,M365x57702712.onmicrosoft.com,Yanto G. Gozali,PassYanto2025!
Kevin,Nurhadi,kevin.nurhadi,M365x57702712.onmicrosoft.com,Kevin N. Nurhadi,PassKevin2025!
Lili,Umbara,lili.umbara,M365x57702712.onmicrosoft.com,Lili U. Umbara,PassLili2025!
Candra,Thamrin,candra.thamrin,M365x57702712.onmicrosoft.com,Candra T. Thamrin,PassCandra2024!
Dani,Erwanto,dani.erwanto,M365x57702712.onmicrosoft.com,Dani E. Erwanto,PassDani2025!
Nadia,Laksono,nadia.laksono,M365x57702712.onmicrosoft.com,Nadia L. Laksono,PassNadia2025!
Wahyu,Chandra,wahyu.chandra,M365x57702712.onmicrosoft.com,Wahyu C. Chandra,PassWahyu2024!
Raka,Darmanto,raka.darmanto,M365x57702712.onmicrosoft.com,Raka D. Darmanto,PassRaka2025!
Yogi,Widianto,yogi.widianto,M365x57702712.onmicrosoft.com,Yogi W. Widianto,PassYogi2025!
Candra,Jauhari,candra.jauhari,M365x57702712.onmicrosoft.com,Candra J. Jauhari,PassCandra2025!
Yasmin,Aditya,yasmin.aditya,M365x57702712.onmicrosoft.com,Yasmin A. Aditya,PassYasmin2024!
Yanto,Ghozali,yanto.ghozali,M365x57702712.onmicrosoft.com,Yanto G. Ghozali,PassYanto2024!
Bintang,Oktavian,bintang.oktavian,M365x57702712.onmicrosoft.com,Bintang O. Oktavian,PassBintang2025!
Irwan,Akbar,irwan.akbar,M365x57702712.onmicrosoft.com,Irwan A. Akbar,PassIrwan2024!
Fauzi,Gozali,fauzi.gozali,M365x57702712.onmicrosoft.com,Fauzi G. Gozali,PassFauzi2024!
Wati,Cipto,wati.cipto,M365x57702712.onmicrosoft.com,Wati C. Cipto,PassWati2025!
Qomar,Chaidir,qomar.chaidir,M365x57702712.onmicrosoft.com,Qomar C. Chaidir,PassQomar2025!
Usman,Darmanto,usman.darmanto,M365x57702712.onmicrosoft.com,Usman D. Darmanto,PassUsman2025!
Bela,Ismail,bela.ismail,M365x57702712.onmicrosoft.com,Bela I. Ismail,PassBela2024!
Vega,Bahtiar,vega.bahtiar,M365x57702712.onmicrosoft.com,Vega B. Bahtiar,PassVega2025!
Kiara,Ramlan,kiara.ramlan,M365x57702712.onmicrosoft.com,Kiara R. Ramlan,PassKiara2025!
Kiara,Yulianto,kiara.yulianto,M365x57702712.onmicrosoft.com,Kiara Y. Yulianto,PassKiara2024!
Yasmin,Zakaria,yasmin.zakaria,M365x57702712.onmicrosoft.com,Yasmin Z. Zakaria,PassYasmin2025!
Tina,Tampubolon,tina.tampubolon,M365x57702712.onmicrosoft.com,Tina T. Tampubolon,PassTina2025!
Yasmin,Krisna,yasmin.krisna,M365x57702712.onmicrosoft.com,Yasmin K. Krisna,PassYasmin2025!
Tari,Abdillah,tari.abdillah,M365x57702712.onmicrosoft.com,Tari A. Abdillah,PassTari2024!
Candra,Chairul,candra.chairul,M365x57702712.onmicrosoft.com,Candra C. Chairul,PassCandra2024!
Tari,Krisna,tari.krisna,M365x57702712.onmicrosoft.com,Tari K. Krisna,PassTari2025!
Mira,Utomo,mira.utomo,M365x57702712.onmicrosoft.com,Mira U. Utomo,PassMira2025!
Ratna,Chaidir,ratna.chaidir,M365x57702712.onmicrosoft.com,Ratna C. Chaidir,PassRatna2025!
Tia,Pribadi,tia.pribadi,M365x57702712.onmicrosoft.com,Tia P. Pribadi,PassTia2025!
Yuda,Winarno,yuda.winarno,M365x57702712.onmicrosoft.com,Yuda W. Winarno,PassYuda2025!
Ivan,Santosa,ivan.santosa,M365x57702712.onmicrosoft.com,Ivan S. Santosa,PassIvan2025!
Made,Valentina,made.valentina,M365x57702712.onmicrosoft.com,Made V. Valentina,PassMade2024!
Wahid,Tirtayasa,wahid.tirtayasa,M365x57702712.onmicrosoft.com,Wahid T. Tirtayasa,PassWahid2025!
Tika,Gautama,tika.gautama,M365x57702712.onmicrosoft.com,Tika G. Gautama,PassTika2024!
Mira,Usman,mira.usman,M365x57702712.onmicrosoft.com,Mira U. Usman,PassMira2025!
Elang,Trisnanto,elang.trisnanto,M365x57702712.onmicrosoft.com,Elang T. Trisnanto,PassElang2024!
Citra,Darmadi,citra.darmadi,M365x57702712.onmicrosoft.com,Citra D. Darmadi,PassCitra2024!
Gita,Iskandar,gita.iskandar,M365x57702712.onmicrosoft.com,Gita I. Iskandar,PassGita2025!
Raka,Darmadi,raka.darmadi,M365x57702712.onmicrosoft.com,Raka D. Darmadi,PassRaka2025!
Yayat,Gumilar,yayat.gumilar,M365x57702712.onmicrosoft.com,Yayat G. Gumilar,PassYayat2025!
Joko,Mahfud,joko.mahfud,M365x57702712.onmicrosoft.com,Joko M. Mahfud,PassJoko2025!
Iwan,Valentino,iwan.valentino,M365x57702712.onmicrosoft.com,Iwan V. Valentino,PassIwan2024!
Erna,Chaidir,erna.chaidir,M365x57702712.onmicrosoft.com,Erna C. Chaidir,PassErna2025!
Widi,Irfandi,widi.irfandi,M365x57702712.onmicrosoft.com,Widi I. Irfandi,PassWidi2024!
Hana,Pratomo,hana.pratomo,M365x57702712.onmicrosoft.com,Hana P. Pratomo,PassHana2025!
Ilham,Qosim,ilham.qosim,M365x57702712.onmicrosoft.com,Ilham Q. Qosim,PassIlham2025!
Soni,Mardiono,soni.mardiono,M365x57702712.onmicrosoft.com,Soni M. Mardiono,PassSoni2024!
Prita,Widianto,prita.widianto,M365x57702712.onmicrosoft.com,Prita W. Widianto,PassPrita2025!
Vino,Gautama,vino.gautama,M365x57702712.onmicrosoft.com,Vino G. Gautama,PassVino2025!
Widi,Simatupang,widi.simatupang,M365x57702712.onmicrosoft.com,Widi S. Simatupang,PassWidi2024!
Usman,Winarto,usman.winarto,M365x57702712.onmicrosoft.com,Usman W. Winarto,PassUsman2024!
Radit,Firdaus,radit.firdaus,M365x57702712.onmicrosoft.com,Radit F. Firdaus,PassRadit2025!
Wati,Kartono,wati.kartono,M365x57702712.onmicrosoft.com,Wati K. Kartono,PassWati2024!
Elang,Mahfud,elang.mahfud,M365x57702712.onmicrosoft.com,Elang M. Mahfud,PassElang2024!
Feri,Effendi,feri.effendi,M365x57702712.onmicrosoft.com,Feri E. Effendi,PassFeri2024!
Vera,Bagaskara,vera.bagaskara,M365x57702712.onmicrosoft.com,Vera B. Bagaskara,PassVera2024!
Sari,Umbara,sari.umbara,M365x57702712.onmicrosoft.com,Sari U. Umbara,PassSari2024!
Putri,Winarto,putri.winarto,M365x57702712.onmicrosoft.com,Putri W. Winarto,PassPutri2025!
Iwan,Yusanto,iwan.yusanto,M365x57702712.onmicrosoft.com,Iwan Y. Yusanto,PassIwan2024!
Alif,Priambodo,alif.priambodo,M365x57702712.onmicrosoft.com,Alif P. Priambodo,PassAlif2025!
Bima,Varela,bima.varela,M365x57702712.onmicrosoft.com,Bima V. Varela,PassBima2025!
Bella,Zulkarnaen,bella.zulkarnaen,M365x57702712.onmicrosoft.com,Bella Z. Zulkarnaen,PassBella2024!
Fikri,Widianto,fikri.widianto,M365x57702712.onmicrosoft.com,Fikri W. Widianto,PassFikri2024!
Wawan,Kautsar,wawan.kautsar,M365x57702712.onmicrosoft.com,Wawan K. Kautsar,PassWawan2025!
Dede,Nurdiana,dede.nurdiana,M365x57702712.onmicrosoft.com,Dede N. Nurdiana,PassDede2025!
Nurul,Prasetya,nurul.prasetya,M365x57702712.onmicrosoft.com,Nurul P. Prasetya,PassNurul2025!
Umi,Hamzah,umi.hamzah,M365x57702712.onmicrosoft.com,Umi H. Hamzah,PassUmi2024!
Eko,Safitri,eko.safitri,M365x57702712.onmicrosoft.com,Eko S. Safitri,PassEko2025!
Tari,Tampubolon,tari.tampubolon,M365x57702712.onmicrosoft.com,Tari T. Tampubolon,PassTari2025!
Nani,Widianto,nani.widianto,M365x57702712.onmicrosoft.com,Nani W. Widianto,PassNani2025!
Cici,Firmansyah,cici.firmansyah,M365x57702712.onmicrosoft.com,Cici F. Firmansyah,PassCici2025!
Ucok,Juanda,ucok.juanda,M365x57702712.onmicrosoft.com,Ucok J. Juanda,PassUcok2024!
Yogi,Zaenudin,yogi.zaenudin,M365x57702712.onmicrosoft.com,Yogi Z. Zaenudin,PassYogi2024!
Ocha,Widianto,ocha.widianto,M365x57702712.onmicrosoft.com,Ocha W. Widianto,PassOcha2024!
Pandu,Ridho,pandu.ridho,M365x57702712.onmicrosoft.com,Pandu R. Ridho,PassPandu2025!
Yuni,Kurniadi,yuni.kurniadi,M365x57702712.onmicrosoft.com,Yuni K. Kurniadi,PassYuni2025!
Jeni,Valentino,jeni.valentino,M365x57702712.onmicrosoft.com,Jeni V. Valentino,PassJeni2024!
Bima,Krisna,bima.krisna,M365x57702712.onmicrosoft.com,Bima K. Krisna,PassBima2024!
Zaki,Yudhoyono,zaki.yudhoyono,M365x57702712.onmicrosoft.com,Zaki Y. Yudhoyono,PassZaki2025!
Budi,Erwanto,budi.erwanto,M365x57702712.onmicrosoft.com,Budi E. Erwanto,PassBudi2024!
Vita,Ansari,vita.ansari,M365x57702712.onmicrosoft.com,Vita A. Ansari,PassVita2025!
Arya,Firmansyah,arya.firmansyah,M365x57702712.onmicrosoft.com,Arya F. Firmansyah,PassArya2024!
Iwan,Kuncoro,iwan.kuncoro,M365x57702712.onmicrosoft.com,Iwan K. Kuncoro,PassIwan2025!
Umi,Oktaviano,umi.oktaviano,M365x57702712.onmicrosoft.com,Umi O. Oktaviano,PassUmi2024!
Dani,Prasetya,dani.prasetya,M365x57702712.onmicrosoft.com,Dani P. Prasetya,PassDani2025!
Raka,Nasution,raka.nasution,M365x57702712.onmicrosoft.com,Raka N. Nasution,PassRaka2024!
Zain,Valentino,zain.valentino,M365x57702712.onmicrosoft.com,Zain V. Valentino,PassZain2024!
Lili,Erlangga,lili.erlangga,M365x57702712.onmicrosoft.com,Lili E. Erlangga,PassLili2025!
Vega,Yasir,vega.yasir,M365x57702712.onmicrosoft.com,Vega Y. Yasir,PassVega2024!
Gita,Usman,gita.usman,M365x57702712.onmicrosoft.com,Gita U. Usman,PassGita2024!
Putu,Bachri,putu.bachri,M365x57702712.onmicrosoft.com,Putu B. Bachri,PassPutu2025!
Tiara,Mahfud,tiara.mahfud,M365x57702712.onmicrosoft.com,Tiara M. Mahfud,PassTiara2025!
Nisa,Abdillah,nisa.abdillah,M365x57702712.onmicrosoft.com,Nisa A. Abdillah,PassNisa2025!
Wawan,Ansari,wawan.ansari,M365x57702712.onmicrosoft.com,Wawan A. Ansari,PassWawan2025!
Tika,Pratomo,tika.pratomo,M365x57702712.onmicrosoft.com,Tika P. Pratomo,PassTika2025!
Kevin,Irfandi,kevin.irfandi,M365x57702712.onmicrosoft.com,Kevin I. Irfandi,PassKevin2025!
Putu,Kautsar,putu.kautsar,M365x57702712.onmicrosoft.com,Putu K. Kautsar,PassPutu2024!
Dani,Kusumanto,dani.kusumanto,M365x57702712.onmicrosoft.com,Dani K. Kusumanto,PassDani2025!
Tari,Akbar,tari.akbar,M365x57702712.onmicrosoft.com,Tari A. Akbar,PassTari2025!
Ratna,Kuncoro,ratna.kuncoro,M365x57702712.onmicrosoft.com,Ratna K. Kuncoro,PassRatna2024!
Prita,Gozali,prita.gozali,M365x57702712.onmicrosoft.com,Prita G. Gozali,PassPrita2024!
Iwan,Qosim,iwan.qosim,M365x57702712.onmicrosoft.com,Iwan Q. Qosim,PassIwan2024!
Lana,Trisnanto,lana.trisnanto,M365x57702712.onmicrosoft.com,Lana T. Trisnanto,PassLana2025!
Putri,Wiratama,putri.wiratama,M365x57702712.onmicrosoft.com,Putri W. Wiratama,PassPutri2025!
Kevin,Effendy,kevin.effendy,M365x57702712.onmicrosoft.com,Kevin E. Effendy,PassKevin2024!
Kamal,Laksono,kamal.laksono,M365x57702712.onmicrosoft.com,Kamal L. Laksono,PassKamal2024!
Panji,Yulianto,panji.yulianto,M365x57702712.onmicrosoft.com,Panji Y. Yulianto,PassPanji2024!
Nani,Widianto,nani.widianto1,M365x57702712.onmicrosoft.com,Nani W. Widianto,PassNani2024!
Ahmad,Fajri,ahmad.fajri,M365x57702712.onmicrosoft.com,Ahmad F. Fajri,PassAhmad2025!
Lisa,Junaedi,lisa.junaedi,M365x57702712.onmicrosoft.com,Lisa J. Junaedi,PassLisa2025!
Putu,Valentina,putu.valentina,M365x57702712.onmicrosoft.com,Putu V. Valentina,PassPutu2024!
Hana,Fauzan,hana.fauzan,M365x57702712.onmicrosoft.com,Hana F. Fauzan,PassHana2024!
Dani,Chairul,dani.chairul,M365x57702712.onmicrosoft.com,Dani C. Chairul,PassDani2025!
Tika,Gumilar,tika.gumilar,M365x57702712.onmicrosoft.com,Tika G. Gumilar,PassTika2025!
Alam,Mahfud,alam.mahfud,M365x57702712.onmicrosoft.com,Alam M. Mahfud,PassAlam2025!
Alif,Bachri,alif.bachri,M365x57702712.onmicrosoft.com,Alif B. Bachri,PassAlif2024!
Elang,Fajri,elang.fajri,M365x57702712.onmicrosoft.com,Elang F. Fajri,PassElang2025!
Vera,Erlangga,vera.erlangga,M365x57702712.onmicrosoft.com,Vera E. Erlangga,PassVera2025!
Diana,Nasution,diana.nasution,M365x57702712.onmicrosoft.com,Diana N. Nasution,PassDiana2025!
Jihan,Zulkarnaen,jihan.zulkarnaen,M365x57702712.onmicrosoft.com,Jihan Z. Zulkarnaen,PassJihan2025!
Zainal,Effendi,zainal.effendi1,M365x57702712.onmicrosoft.com,Zainal E. Effendi,PassZainal2024!
Vino,Valentino,vino.valentino,M365x57702712.onmicrosoft.com,Vino V. Valentino,PassVino2024!
Miko,Yudhoyono,miko.yudhoyono,M365x57702712.onmicrosoft.com,Miko Y. Yudhoyono,PassMiko2025!
Alif,Qosim,alif.qosim,M365x57702712.onmicrosoft.com,Alif Q. Qosim,PassAlif2024!
Ucup,Ansari,ucup.ansari,M365x57702712.onmicrosoft.com,Ucup A. Ansari,PassUcup2025!
Yasmin,Prabowo,yasmin.prabowo,M365x57702712.onmicrosoft.com,Yasmin P. Prabowo,PassYasmin2024!
Oka,Mardiono,oka.mardiono,M365x57702712.onmicrosoft.com,Oka M. Mardiono,PassOka2025!
Okta,Darmawan,okta.darmawan,M365x57702712.onmicrosoft.com,Okta D. Darmawan,PassOkta2025!
Bulan,Krisna,bulan.krisna,M365x57702712.onmicrosoft.com,Bulan K. Krisna,PassBulan2025!
Wahyu,Octavianus,wahyu.octavianus,M365x57702712.onmicrosoft.com,Wahyu O. Octavianus,PassWahyu2024!
Rini,Zakaria,rini.zakaria,M365x57702712.onmicrosoft.com,Rini Z. Zakaria,PassRini2025!
Sigit,Adiputra,sigit.adiputra,M365x57702712.onmicrosoft.com,Sigit A. Adiputra,PassSigit2024!
Andi,Abdillah,andi.abdillah,M365x57702712.onmicrosoft.com,Andi A. Abdillah,PassAndi2024!
Nurul,Thamrin,nurul.thamrin,M365x57702712.onmicrosoft.com,Nurul T. Thamrin,PassNurul2024!
Agung,Umbara,agung.umbara,M365x57702712.onmicrosoft.com,Agung U. Umbara,PassAgung2025!
Koko,Jamaludin,koko.jamaludin,M365x57702712.onmicrosoft.com,Koko J. Jamaludin,PassKoko2024!
Yasmin,Zulkarnain,yasmin.zulkarnain,M365x57702712.onmicrosoft.com,Yasmin Z. Zulkarnain,PassYasmin2025!
Soni,Yusanto,soni.yusanto,M365x57702712.onmicrosoft.com,Soni Y. Yusanto,PassSoni2024!
Vera,Irfandi,vera.irfandi,M365x57702712.onmicrosoft.com,Vera I. Irfandi,PassVera2025!
Hani,Oktavian,hani.oktavian,M365x57702712.onmicrosoft.com,Hani O. Oktavian,PassHani2024!
Joni,Wibisono,joni.wibisono1,M365x57702712.onmicrosoft.com,Joni W. Wibisono,PassJoni2024!
Alif,Tanujaya,alif.tanujaya,M365x57702712.onmicrosoft.com,Alif T. Tanujaya,PassAlif2025!
Alif,Kusumanto,alif.kusumanto,M365x57702712.onmicrosoft.com,Alif K. Kusumanto,PassAlif2025!
Ocha,Djamaluddin,ocha.djamaluddin,M365x57702712.onmicrosoft.com,Ocha D. Djamaluddin,PassOcha2025!
Joni,Ridho,joni.ridho,M365x57702712.onmicrosoft.com,Joni R. Ridho,PassJoni2025!
Niko,Ekawati,niko.ekawati,M365x57702712.onmicrosoft.com,Niko E. Ekawati,PassNiko2024!
Panji,Yusanto,panji.yusanto,M365x57702712.onmicrosoft.com,Panji Y. Yusanto,PassPanji2024!
Panji,Ramdhan,panji.ramdhan,M365x57702712.onmicrosoft.com,Panji R. Ramdhan,PassPanji2024!
Erna,Effendi,erna.effendi,M365x57702712.onmicrosoft.com,Erna E. Effendi,PassErna2025!
Vino,Junaedi,vino.junaedi,M365x57702712.onmicrosoft.com,Vino J. Junaedi,PassVino2024!
Sari,Wiratama,sari.wiratama,M365x57702712.onmicrosoft.com,Sari W. Wiratama,PassSari2024!
Sigit,Bachri,sigit.bachri,M365x57702712.onmicrosoft.com,Sigit B. Bachri,PassSigit2025!
Erlang,Yusanto,erlang.yusanto,M365x57702712.onmicrosoft.com,Erlang Y. Yusanto,PassErlang2025!
Ratna,Simatupang,ratna.simatupang,M365x57702712.onmicrosoft.com,Ratna S. Simatupang,PassRatna2024!
Putri,Falah,putri.falah,M365x57702712.onmicrosoft.com,Putri F. Falah,PassPutri2025!
Ujang,Chandra,ujang.chandra,M365x57702712.onmicrosoft.com,Ujang C. Chandra,PassUjang2025!
Sari,Effendi,sari.effendi,M365x57702712.onmicrosoft.com,Sari E. Effendi,PassSari2025!
Udin,Santosa,udin.santosa,M365x57702712.onmicrosoft.com,Udin S. Santosa,PassUdin2025!
Manda,Pratomo,manda.pratomo,M365x57702712.onmicrosoft.com,Manda P. Pratomo,PassManda2025!
Ahmad,Varela,ahmad.varela,M365x57702712.onmicrosoft.com,Ahmad V. Varela,PassAhmad2025!
Bulan,Basri,bulan.basri,M365x57702712.onmicrosoft.com,Bulan B. Basri,PassBulan2025!
Ocha,Valianto,ocha.valianto,M365x57702712.onmicrosoft.com,Ocha V. Valianto,PassOcha2025!
Pandu,Pangestu,pandu.pangestu,M365x57702712.onmicrosoft.com,Pandu P. Pangestu,PassPandu2025!
Dika,Rachmat,dika.rachmat,M365x57702712.onmicrosoft.com,Dika R. Rachmat,PassDika2024!
Cinta,Latief,cinta.latief,M365x57702712.onmicrosoft.com,Cinta L. Latief,PassCinta2024!
Ratna,Natsir,ratna.natsir,M365x57702712.onmicrosoft.com,Ratna N. Natsir,PassRatna2025!
Yogi,Junaedi,yogi.junaedi,M365x57702712.onmicrosoft.com,Yogi J. Junaedi,PassYogi2024!
Ilham,Iskandar,ilham.iskandar,M365x57702712.onmicrosoft.com,Ilham I. Iskandar,PassIlham2024!
Nani,Salim,nani.salim,M365x57702712.onmicrosoft.com,Nani S. Salim,PassNani2025!
Siska,Priambodo,siska.priambodo,M365x57702712.onmicrosoft.com,Siska P. Priambodo,PassSiska2025!
Qomar,Santoso,qomar.santoso,M365x57702712.onmicrosoft.com,Qomar S. Santoso,PassQomar2024!
Dede,Winarno,dede.winarno,M365x57702712.onmicrosoft.com,Dede W. Winarno,PassDede2025!
Elang,Pribadi,elang.pribadi,M365x57702712.onmicrosoft.com,Elang P. Pribadi,PassElang2024!
Dodi,Darmanto,dodi.darmanto,M365x57702712.onmicrosoft.com,Dodi D. Darmanto,PassDodi2024!
Rara,Julianto,rara.julianto,M365x57702712.onmicrosoft.com,Rara J. Julianto,PassRara2025!
Tia,Junaedi,tia.junaedi,M365x57702712.onmicrosoft.com,Tia J. Junaedi,PassTia2025!
Ocha,Firdausi,ocha.firdausi,M365x57702712.onmicrosoft.com,Ocha F. Firdausi,PassOcha2025!
Irwan,Fahrul,irwan.fahrul,M365x57702712.onmicrosoft.com,Irwan F. Fahrul,PassIrwan2025!
Raka,Bahtiar,raka.bahtiar,M365x57702712.onmicrosoft.com,Raka B. Bahtiar,PassRaka2025!
Ucok,Wiratama,ucok.wiratama,M365x57702712.onmicrosoft.com,Ucok W. Wiratama,PassUcok2025!
Fauzi,Bahtiar,fauzi.bahtiar,M365x57702712.onmicrosoft.com,Fauzi B. Bahtiar,PassFauzi2025!
Dika,Listyanto,dika.listyanto,M365x57702712.onmicrosoft.com,Dika L. Listyanto,PassDika2025!
Sinta,Fauzan,sinta.fauzan,M365x57702712.onmicrosoft.com,Sinta F. Fauzan,PassSinta2024!
Yogi,Lukito,yogi.lukito,M365x57702712.onmicrosoft.com,Yogi L. Lukito,PassYogi2025!
Putri,Lukito,putri.lukito,M365x57702712.onmicrosoft.com,Putri L. Lukito,PassPutri2024!
Heru,Ginting,heru.ginting,M365x57702712.onmicrosoft.com,Heru G. Ginting,PassHeru2024!
Tono,Bahtiar,tono.bahtiar,M365x57702712.onmicrosoft.com,Tono B. Bahtiar,PassTono2025!
Vina,Tanjung,vina.tanjung,M365x57702712.onmicrosoft.com,Vina T. Tanjung,PassVina2025!
Zahra,Pribadi,zahra.pribadi,M365x57702712.onmicrosoft.com,Zahra P. Pribadi,PassZahra2024!
Vega,Kautsar,vega.kautsar,M365x57702712.onmicrosoft.com,Vega K. Kautsar,PassVega2025!
Panji,Iskandar,panji.iskandar,M365x57702712.onmicrosoft.com,Panji I. Iskandar,PassPanji2024!
Umi,Yudhoyono,umi.yudhoyono,M365x57702712.onmicrosoft.com,Umi Y. Yudhoyono,PassUmi2024!
Nani,Haryadi,nani.haryadi,M365x57702712.onmicrosoft.com,Nani H. Haryadi,PassNani2025!
Nina,Herlambang,nina.herlambang,M365x57702712.onmicrosoft.com,Nina H. Herlambang,PassNina2024!
Dani,Maulida,dani.maulida,M365x57702712.onmicrosoft.com,Dani M. Maulida,PassDani2025!
Ratna,Krisna,ratna.krisna,M365x57702712.onmicrosoft.com,Ratna K. Krisna,PassRatna2024!
Jaya,Krisna,jaya.krisna,M365x57702712.onmicrosoft.com,Jaya K. Krisna,PassJaya2024!
Radit,Juanda,radit.juanda,M365x57702712.onmicrosoft.com,Radit J. Juanda,PassRadit2024!
Udin,Mahfud,udin.mahfud,M365x57702712.onmicrosoft.com,Udin M. Mahfud,PassUdin2024!
Putri,Salim,putri.salim,M365x57702712.onmicrosoft.com,Putri S. Salim,PassPutri2024!
Dani,Lutfi,dani.lutfi,M365x57702712.onmicrosoft.com,Dani L. Lutfi,PassDani2024!
Tiara,Cipto,tiara.cipto,M365x57702712.onmicrosoft.com,Tiara C. Cipto,PassTiara2025!
Vino,Nugraha,vino.nugraha,M365x57702712.onmicrosoft.com,Vino N. Nugraha,PassVino2024!
Zainal,Valentina,zainal.valentina,M365x57702712.onmicrosoft.com,Zainal V. Valentina,PassZainal2025!
Bulan,Falah,bulan.falah,M365x57702712.onmicrosoft.com,Bulan F. Falah,PassBulan2025!
Kiara,Tirtayasa,kiara.tirtayasa,M365x57702712.onmicrosoft.com,Kiara T. Tirtayasa,PassKiara2024!
Ujang,Kurniadi,ujang.kurniadi,M365x57702712.onmicrosoft.com,Ujang K. Kurniadi,PassUjang2024!
Koko,Zulfikar,koko.zulfikar,M365x57702712.onmicrosoft.com,Koko Z. Zulfikar,PassKoko2025!
Asep,Wiratama,asep.wiratama,M365x57702712.onmicrosoft.com,Asep W. Wiratama,PassAsep2025!
Bagas,Krisna,bagas.krisna,M365x57702712.onmicrosoft.com,Bagas K. Krisna,PassBagas2024!
Eko,Tanujaya,eko.tanujaya,M365x57702712.onmicrosoft.com,Eko T. Tanujaya,PassEko2024!
Joko,Gozali,joko.gozali,M365x57702712.onmicrosoft.com,Joko G. Gozali,PassJoko2025!
Oki,Bagaskara,oki.bagaskara,M365x57702712.onmicrosoft.com,Oki B. Bagaskara,PassOki2024!
Ocha,Nurhadi,ocha.nurhadi,M365x57702712.onmicrosoft.com,Ocha N. Nurhadi,PassOcha2025!
Dika,Zaenudin,dika.zaenudin,M365x57702712.onmicrosoft.com,Dika Z. Zaenudin,PassDika2024!
Budi,Iskandar,budi.iskandar,M365x57702712.onmicrosoft.com,Budi I. Iskandar,PassBudi2024!
Mira,Tirtayasa,mira.tirtayasa,M365x57702712.onmicrosoft.com,Mira T. Tirtayasa,PassMira2025!
Diana,Erwanto,diana.erwanto,M365x57702712.onmicrosoft.com,Diana E. Erwanto,PassDiana2025!
Yuni,Ekawati,yuni.ekawati,M365x57702712.onmicrosoft.com,Yuni E. Ekawati,PassYuni2025!
Panji,Kuncoro,panji.kuncoro,M365x57702712.onmicrosoft.com,Panji K. Kuncoro,PassPanji2025!
Tari,Iskandar,tari.iskandar,M365x57702712.onmicrosoft.com,Tari I. Iskandar,PassTari2025!
Dika,Alamsyah,dika.alamsyah,M365x57702712.onmicrosoft.com,Dika A. Alamsyah,PassDika2025!
Jaya,Dermawan,jaya.dermawan,M365x57702712.onmicrosoft.com,Jaya D. Dermawan,PassJaya2025!
Miko,Affandi,miko.affandi,M365x57702712.onmicrosoft.com,Miko A. Affandi,PassMiko2025!
Tia,Bahari,tia.bahari,M365x57702712.onmicrosoft.com,Tia B. Bahari,PassTia2025!
Elang,Winarto,elang.winarto,M365x57702712.onmicrosoft.com,Elang W. Winarto,PassElang2024!
Rini,Lazuardi,rini.lazuardi,M365x57702712.onmicrosoft.com,Rini L. Lazuardi,PassRini2024!
Bella,Aditya,bella.aditya,M365x57702712.onmicrosoft.com,Bella A. Aditya,PassBella2025!
Yuni,Octavian,yuni.octavian,M365x57702712.onmicrosoft.com,Yuni O. Octavian,PassYuni2024!
Andi,Zulkarnain,andi.zulkarnain,M365x57702712.onmicrosoft.com,Andi Z. Zulkarnain,PassAndi2025!
Nisa,Mansyur,nisa.mansyur,M365x57702712.onmicrosoft.com,Nisa M. Mansyur,PassNisa2024!
Nadia,Zakaria,nadia.zakaria,M365x57702712.onmicrosoft.com,Nadia Z. Zakaria,PassNadia2024!
Eva,Djamaluddin,eva.djamaluddin,M365x57702712.onmicrosoft.com,Eva D. Djamaluddin,PassEva2024!
Mira,Firdaus,mira.firdaus,M365x57702712.onmicrosoft.com,Mira F. Firdaus,PassMira2024!
Kamal,Ridho,kamal.ridho,M365x57702712.onmicrosoft.com,Kamal R. Ridho,PassKamal2025!
Wahyu,Listyanto,wahyu.listyanto,M365x57702712.onmicrosoft.com,Wahyu L. Listyanto,PassWahyu2025!
Ujang,Utomo,ujang.utomo,M365x57702712.onmicrosoft.com,Ujang U. Utomo,PassUjang2025!
Lisa,Trisnanto,lisa.trisnanto,M365x57702712.onmicrosoft.com,Lisa T. Trisnanto,PassLisa2024!
Gani,Chandra,gani.chandra,M365x57702712.onmicrosoft.com,Gani C. Chandra,PassGani2025!
Erna,Prasetya,erna.prasetya,M365x57702712.onmicrosoft.com,Erna P. Prasetya,PassErna2024!
Rara,Ramadani,rara.ramadani,M365x57702712.onmicrosoft.com,Rara R. Ramadani,PassRara2024!
Rini,Falah,rini.falah,M365x57702712.onmicrosoft.com,Rini F. Falah,PassRini2025!
Vino,Saputro,vino.saputro,M365x57702712.onmicrosoft.com,Vino S. Saputro,PassVino2024!
Lana,Valentino,lana.valentino,M365x57702712.onmicrosoft.com,Lana V. Valentino,PassLana2024!
Nani,Simatupang,nani.simatupang,M365x57702712.onmicrosoft.com,Nani S. Simatupang,PassNani2024!
Wati,Tanjung,wati.tanjung,M365x57702712.onmicrosoft.com,Wati T. Tanjung,PassWati2024!
Ucup,Safitri,ucup.safitri,M365x57702712.onmicrosoft.com,Ucup S. Safitri,PassUcup2024!
Nani,Mahfud,nani.mahfud,M365x57702712.onmicrosoft.com,Nani M. Mahfud,PassNani2025!
Putu,Gunawan,putu.gunawan,M365x57702712.onmicrosoft.com,Putu G. Gunawan,PassPutu2024!
Agung,Bagaskara,agung.bagaskara,M365x57702712.onmicrosoft.com,Agung B. Bagaskara,PassAgung2025!
Eva,Darmawan,eva.darmawan,M365x57702712.onmicrosoft.com,Eva D. Darmawan,PassEva2025!
Soni,Fahrul,soni.fahrul,M365x57702712.onmicrosoft.com,Soni F. Fahrul,PassSoni2024!
Tari,Jalaludin,tari.jalaludin,M365x57702712.onmicrosoft.com,Tari J. Jalaludin,PassTari2025!
Prita,Natsir,prita.natsir,M365x57702712.onmicrosoft.com,Prita N. Natsir,PassPrita2024!
Raffi,Nurhadi,raffi.nurhadi,M365x57702712.onmicrosoft.com,Raffi N. Nurhadi,PassRaffi2024!
Diana,Adiputra,diana.adiputra,M365x57702712.onmicrosoft.com,Diana A. Adiputra,PassDiana2025!
Kevin,Ilyas,kevin.ilyas,M365x57702712.onmicrosoft.com,Kevin I. Ilyas,PassKevin2024!
Gani,Umbara,gani.umbara,M365x57702712.onmicrosoft.com,Gani U. Umbara,PassGani2024!
Yuda,Ibrahim,yuda.ibrahim,M365x57702712.onmicrosoft.com,Yuda I. Ibrahim,PassYuda2025!
Tari,Pangestu,tari.pangestu,M365x57702712.onmicrosoft.com,Tari P. Pangestu,PassTari2024!
Galih,Trisnanto,galih.trisnanto,M365x57702712.onmicrosoft.com,Galih T. Trisnanto,PassGalih2025!
Heru,Aditya,heru.aditya,M365x57702712.onmicrosoft.com,Heru A. Aditya,PassHeru2025!
Gani,Pribadi,gani.pribadi,M365x57702712.onmicrosoft.com,Gani P. Pribadi,PassGani2025!
Widi,Utomo,widi.utomo,M365x57702712.onmicrosoft.com,Widi U. Utomo,PassWidi2024!
Feri,Adiputra,feri.adiputra,M365x57702712.onmicrosoft.com,Feri A. Adiputra,PassFeri2025!
Sari,Firdausi,sari.firdausi,M365x57702712.onmicrosoft.com,Sari F. Firdausi,PassSari2024!
Sinta,Trisnanto,sinta.trisnanto,M365x57702712.onmicrosoft.com,Sinta T. Trisnanto,PassSinta2025!
Zainal,Tirtayasa,zainal.tirtayasa,M365x57702712.onmicrosoft.com,Zainal T. Tirtayasa,PassZainal2025!
Vita,Thamrin,vita.thamrin,M365x57702712.onmicrosoft.com,Vita T. Thamrin,PassVita2025!
Widi,Abdillah,widi.abdillah,M365x57702712.onmicrosoft.com,Widi A. Abdillah,PassWidi2024!
Bintang,Valentinus,bintang.valentinus,M365x57702712.onmicrosoft.com,Bintang V. Valentinus,PassBintang2024!
Kiki,Chairul,kiki.chairul1,M365x57702712.onmicrosoft.com,Kiki C. Chairul,PassKiki2025!
Bulan,Prasetya,bulan.prasetya,M365x57702712.onmicrosoft.com,Bulan P. Prasetya,PassBulan2024!
Kiki,Erlangga,kiki.erlangga,M365x57702712.onmicrosoft.com,Kiki E. Erlangga,PassKiki2024!
Oki,Utami,oki.utami,M365x57702712.onmicrosoft.com,Oki U. Utami,PassOki2024!
Dani,Herlambang,dani.herlambang,M365x57702712.onmicrosoft.com,Dani H. Herlambang,PassDani2025!
Fauzi,Basri,fauzi.basri,M365x57702712.onmicrosoft.com,Fauzi B. Basri,PassFauzi2024!
Sigit,Pribadi,sigit.pribadi,M365x57702712.onmicrosoft.com,Sigit P. Pribadi,PassSigit2025!
Erick,Affandi,erick.affandi,M365x57702712.onmicrosoft.com,Erick A. Affandi,PassErick2024!
Ima,Rachmat,ima.rachmat,M365x57702712.onmicrosoft.com,Ima R. Rachmat,PassIma2025!
Linda,Kuncoro,linda.kuncoro,M365x57702712.onmicrosoft.com,Linda K. Kuncoro,PassLinda2024!
Yogi,Cipto,yogi.cipto,M365x57702712.onmicrosoft.com,Yogi C. Cipto,PassYogi2025!
Fikri,Tanujaya,fikri.tanujaya,M365x57702712.onmicrosoft.com,Fikri T. Tanujaya,PassFikri2024!
Hadi,Octavianus,hadi.octavianus,M365x57702712.onmicrosoft.com,Hadi O. Octavianus,PassHadi2025!
Kiki,Ridho,kiki.ridho,M365x57702712.onmicrosoft.com,Kiki R. Ridho,PassKiki2025!
Arya,Tanjung,arya.tanjung,M365x57702712.onmicrosoft.com,Arya T. Tanjung,PassArya2025!
